year,track_name,artist_name,artist_id
2025,Onça,Gastação Infinita,47LV5Aj9WLzNli3sWxXKFZ
2025,O Trem Azul,Lô Borges,1mZbRiSVb2ExneAlDbBiiT
2025,Esperar Pra Ver,Evinha,6cnJ8gP9R3JEh5mCCvOwz3
2025,Um Girassol Da Cor Do Seu Cabelo,Lô Borges,1mZbRiSVb2ExneAlDbBiiT
2025,Aranha Caranguejeira,Gastação Infinita,47LV5Aj9WLzNli3sWxXKFZ
2025,Debaixo Do Pano,Sophia Chablau e Uma Enorme Perda de Tempo,7EjCIhe3BMNZIBBNn1n3Uj
2025,Olha Eu Aqui Oh! Oh! Oh!...,Evinha,6cnJ8gP9R3JEh5mCCvOwz3
2025,Deixa Eu Dizer,Claudya,1E5pLahwa4lUHQxHFlfkg5
2025,A Menina Dança,Novos Baianos,2ohBjgFT9V0LRDWO2wF9DJ
2025,Cabana Terminal,FBC,29QKtXMaVczUBDiI3aPBWS
2025,Qual o Som da Sua Arma?,FBC,29QKtXMaVczUBDiI3aPBWS
2025,DtMF,Bad Bunny,4q3ewBCX7sLwd24euuV69X
2025,Odara,Caetano Veloso,7HGNYPmbDrMkylWqeFCOIQ
2025,Hope,Descendents,1FGH4Bh7g9W6V4fUcKZWp5
2025,I CARE,Turnstile,2qnpHrOzdmOo1S4ox3j17x
2025,Coolidge,Descendents,1FGH4Bh7g9W6V4fUcKZWp5
2025,Sonhei Com Ela,Pura Vida Original,6i3sF8fTr1Zf4QYnn7xDg7
2025,Dia Branco - Ao Vivo,Geraldo Azevedo,65TbyndeGrDlFd4IkZNfbN
2025,Brasil pandeiro,Novos Baianos,2ohBjgFT9V0LRDWO2wF9DJ
2025,APT.,ROSÉ,3eVa5w3URK5duf6eyVDbu9
2025,Tudo O Que Você Podia Ser,Milton Nascimento,3Bnq7jiU506HcPjRgQ43TM
2025,Que Bandeira,Evinha,6cnJ8gP9R3JEh5mCCvOwz3
2025,All Caps,Madvillain,2aoFQUeHD1U7pL098lRsDU
2025,Você pra Mim É Lucro,FBC,29QKtXMaVczUBDiI3aPBWS
2025,Que loucura,Sérgio Sampaio,0ttwBh6o5To3XujSD4x3uA
2025,Sentimento Blues,daBossa,64jv4PdBRwMSjH5DMBWBnp
2025,Badfish,Sublime,0EdvGhlC1FkGItLOWQzG4J
2025,O Leãozinho - Ao Vivo Em São Paulo / 2017,Caetano Veloso,7HGNYPmbDrMkylWqeFCOIQ
2025,Quem Sabe Onde Está Jimmy Hoffa?,FBC,29QKtXMaVczUBDiI3aPBWS
2025,Clube da Esquina Nº 2 - Ao Vivo,Milton Nascimento,3Bnq7jiU506HcPjRgQ43TM
2025,A Voz da Revolução,FBC,29QKtXMaVczUBDiI3aPBWS
2025,Jamming,Bob Marley & The Wailers,2QsynagSdAqZj3U9HgDzjD
2025,Chão no Teto,Gastação Infinita,47LV5Aj9WLzNli3sWxXKFZ
2025,Do Lado Direito da Rua Direita,Os Originais Do Samba,4gKqxjR0MkEKjqvO3Ctvpg
2025,Knees,Ocean Alley,18lpwfiys4GtdHWNUu9qQr
2025,Gila Monster,King Gizzard & The Lizard Wizard,6XYvaoDGE0VmRt83Jss9Sn
2025,Breathe (In the Air),Pink Floyd,0k17h0D3J5VfsdmQ1iZtE9
2025,Malemolencia,Céu,2eFVsaX3yHLPeWpiqvmeFn
2025,Oh! Darling - Remastered 2009,The Beatles,3WrFJ7ztbogyGnTHbHJFl2
2025,Something - Remastered 2009,The Beatles,3WrFJ7ztbogyGnTHbHJFl2
2025,Three Little Birds,Bob Marley & The Wailers,2QsynagSdAqZj3U9HgDzjD
2025,Bananeira (Remastered),Emílio Santiago,6quVEYAfHqHwpp8JujXBHt
2025,As It Was,Harry Styles,6KImCVD70vtIoJWnq6nGn3
2025,Com Mais De 30,Claudya,1E5pLahwa4lUHQxHFlfkg5
2025,243,Pura Vida Original,6i3sF8fTr1Zf4QYnn7xDg7
2025,THE FIRST TEST,Speed,4wf6GGNBqaU79839E6yjfn
2025,Lingua presa (Incidental: Sapo Cururu),Raimundos,3CfJckVRuukdJSvK3r89yJ
2025,Superman,Goldfinger,7sVQKNtdP2NylxMgbNOJMM
2025,Subirusdoistiozin,Criolo,37ZflmHTdxkSLQuT8w9NBs
2025,Desatar os Nós,Conchá,3EhaPCVhgPrrXnO7jTtx7p
2025,Bom-Senso,Tim Maia,0jOs0wnXCu1bGGP7kh5uIu
2025,Miçanga,BaianaSystem,5JHYuwE2n7bleXMUsmtCW5
2025,Banho de Folhas,Luedji Luna,0sWTkzCrdEvuX7Du6MFLzc
2025,Maracatu Atômico,Chico Science,7HnkRhoGqYLTasI52iJoE7
2025,I Am The Walrus - Remastered 2009,The Beatles,3WrFJ7ztbogyGnTHbHJFl2
2025,Refuse / Resist,Sepultura,6JW8wliOEwaDZ231ZY7cf4
2025,João Bananeira,Gastação Infinita,47LV5Aj9WLzNli3sWxXKFZ
2025,Roubo a Banco,FBC,29QKtXMaVczUBDiI3aPBWS
2025,Benzi Box,DANGERDOOM,0b3fYxnG6tlR0zLtBJd8DF
2025,Na boca do sol,Arthur Verocai,1tP3R35TdPW8BMwmTPOoVZ
2025,Nuvem Cigana,Milton Nascimento,3Bnq7jiU506HcPjRgQ43TM
2025,Estamos Te Vendo,FBC,29QKtXMaVczUBDiI3aPBWS
2025,Andar com fé,Gilberto Gil,7oEkUINVIj1Nr3Wnj8tzqr
2025,Paisagem Da Janela,Lô Borges,1mZbRiSVb2ExneAlDbBiiT
2025,A Gira,Trio Ternura,6J4hJ6O6WJmBTlIL3wJBcT
2025,SE EU NÃO TE CANTAR,FBC,29QKtXMaVczUBDiI3aPBWS
2025,Why,Pura Vida Original,6i3sF8fTr1Zf4QYnn7xDg7
2025,BIRDS,Turnstile,2qnpHrOzdmOo1S4ox3j17x
2025,When I Come Around,Green Day,7oPftvlwr6VrsViSDV7fJY
2025,Sangue latino,Secos & Molhados,4EKJxXaAZapG14Q5FTZoxm
2025,Cagar na Rua,Os Pedrero,20AgDgpylgasUMPZ8l5xEw
2025,Stir It Up,Bob Marley & The Wailers,2QsynagSdAqZj3U9HgDzjD
2025,BAILE INoLVIDABLE,Bad Bunny,4q3ewBCX7sLwd24euuV69X
2025,Clube Da Esquina Nº2 - Acústico,Milton Nascimento,3Bnq7jiU506HcPjRgQ43TM
2025,Lucro (Descomprimindo),BaianaSystem,5JHYuwE2n7bleXMUsmtCW5
2025,Velha Roupa Colorida,Elis Regina,0yFvXd36g5sNKYDi0Kkvl8
2025,Transante,Lagum,5D56dZmhE9DgT01XixdHiD
2025,Existe Uma Voz,Rogê,2qLU3VUpp3uV2Oyf786FC3
2025,Cara Esperto,Forfun,1qIAsl3tIpnX0j4BMi0l5g
2025,Myage,Descendents,1FGH4Bh7g9W6V4fUcKZWp5
2025,THAT'S THAT,MF DOOM,2pAWfrd7WFF3XhVt9GooDL
2025,LIGHT DESIGN,Turnstile,2qnpHrOzdmOo1S4ox3j17x
2025,Last Caress - C.I. Recording 1978,Misfits,1cXi8ALPQCBHZbf0EgP4Ey
2025,Não Existe Amor em SP,Criolo,37ZflmHTdxkSLQuT8w9NBs
2025,Moro No Brasil,Farofa Carioca,0k2zbhJRe1fIVkerm0toyh
2025,Bogotá,Criolo,37ZflmHTdxkSLQuT8w9NBs
2025,1967 - Live,Marcelo D2,1vEN3d3dJbmdHQpXD6AIkL
2025,O Telefone Tocou Novamente,Jorge Ben Jor,5JYtpnUKxAzXfHEYpOeeit
2025,Não Vou Mentir,Lagum,5D56dZmhE9DgT01XixdHiD
2025,Ando Meio Desligado,BRAZA,5F0iFhw7bZE7a8INjualJn
2025,Not That Nice,Speed,4wf6GGNBqaU79839E6yjfn
2025,Whole Lotta Love - 1990 Remaster,Led Zeppelin,36QJpDe2go2KgaRleHCDTp
2025,Samurai (feat. Stevie Wonder),Djavan,5rrmaoBXZ7Jcs4Qb77j0YA
2025,"Rocket Man (I Think It's Going To Be A Long, Long Time)",Elton John,3PhoLpVuITZKcymswpck5b
2025,A Cosmologia Corporativista do Senhor Arthur Jansen,FBC,29QKtXMaVczUBDiI3aPBWS
2025,So Much Trouble In The World,Bob Marley & The Wailers,2QsynagSdAqZj3U9HgDzjD
2025,Is This Love,Bob Marley & The Wailers,2QsynagSdAqZj3U9HgDzjD
2025,Dirty Harry (feat. Bootie Brown),Gorillaz,3AA28KZvwAUcZuOKwyblJQ
2025,A Horse with No Name,America,35U9lQaRWSQISxQAB94Meo
2025,À Primeira Vista,Chico César,3vlUveVfzPXzhiPGjHHxOH
2024,Palhacin,Gastação Infinita,47LV5Aj9WLzNli3sWxXKFZ
2024,Chão no Teto,Gastação Infinita,47LV5Aj9WLzNli3sWxXKFZ
2024,violão amarelo,Os Garotin,6aMpeys8CsM9RuRR74RNMP
2024,Quero Esquecer Você,Los Sebosos Postizos,6J3woQCTe8Tk7APW7vjy4H
2024,Blue by You,Turnstile,2qnpHrOzdmOo1S4ox3j17x
2024,Meio Ambiente,Gastação Infinita,47LV5Aj9WLzNli3sWxXKFZ
2024,Queda Livre,Os Garotin,6aMpeys8CsM9RuRR74RNMP
2024,Black Steel in the Hour of Chaos - 2021 Remaster,Sepultura,6JW8wliOEwaDZ231ZY7cf4
2024,Mariô,Criolo,37ZflmHTdxkSLQuT8w9NBs
2024,Bonita,Raimundos,3CfJckVRuukdJSvK3r89yJ
2024,Nada Será Como Antes,Milton Nascimento,3Bnq7jiU506HcPjRgQ43TM
2024,João Bananeira,Gastação Infinita,47LV5Aj9WLzNli3sWxXKFZ
2024,Hey Arnold's Stompin,My Shared Folder,1URJackDcs6wTwX3yo6W5l
2024,Ninguém vive por mim,Sérgio Sampaio,0ttwBh6o5To3XujSD4x3uA
2024,Anti-Matter,OMA,6tcltBYoeWDm2P6NoawNIT
2024,Quero Ir,Sociedade Da Grã-Ordem Kavernista,0TlzfAtBQyUfN3pPB2wn1v
2024,T.L.C. (TURNSTILE LOVE CONNECTION),Turnstile,2qnpHrOzdmOo1S4ox3j17x
2024,Que loucura,Sérgio Sampaio,0ttwBh6o5To3XujSD4x3uA
2024,N.Y. State of Mind,OMA,6tcltBYoeWDm2P6NoawNIT
2024,Maria da Vila Matilde,Elza Soares,4cn4gMq0KXORHeYA45PcBi
2024,I Don't Wanna Be Blind,Turnstile,2qnpHrOzdmOo1S4ox3j17x
2024,Doce Melodia,Sérgio Sampaio,0ttwBh6o5To3XujSD4x3uA
2024,Doomsday,OMA,6tcltBYoeWDm2P6NoawNIT
2024,Amor de Papel e Cola,Gastação Infinita,47LV5Aj9WLzNli3sWxXKFZ
2024,Foi Difícil,Dibob,5unSnRQbVY6bEHkfNfgX5R
2024,Lero E Leros E Boleros,Sérgio Sampaio,0ttwBh6o5To3XujSD4x3uA
2024,The Message,OMA,6tcltBYoeWDm2P6NoawNIT
2024,Viva (Melô Dos Vileiros) - Live,Criolo,37ZflmHTdxkSLQuT8w9NBs
2024,Eu Acho Graça,Sociedade Da Grã-Ordem Kavernista,0TlzfAtBQyUfN3pPB2wn1v
2024,Polícia Bandido Cachorro Dentista,Sérgio Sampaio,0ttwBh6o5To3XujSD4x3uA
2024,C.R.E.A.M. - Live Instrumental,OMA,6tcltBYoeWDm2P6NoawNIT
2024,Foi de Amor,Nação Zumbi,4Va55p3P2P96lIgzntievo
2024,Feelm Intermission,Underground Canopy,7k7AFLI13ChqpIlQGI1lJo
2024,"Não Tenha Medo Não! (Rua Moreira, 65)",Sérgio Sampaio,0ttwBh6o5To3XujSD4x3uA
2024,"Shook Ones, Pt. II",OMA,6tcltBYoeWDm2P6NoawNIT
2024,queda livre,Os Garotin,6aMpeys8CsM9RuRR74RNMP
2024,All Caps,Madvillain,2aoFQUeHD1U7pL098lRsDU
2024,Até outro dia,Sérgio Sampaio,0ttwBh6o5To3XujSD4x3uA
2024,It Was A Good Day (Footsteps in the Dark),OMA,6tcltBYoeWDm2P6NoawNIT
2024,Waiting Room,Fugazi,62sC6lUEWRjbFqXpMmOk4G
2024,Hope,Descendents,1FGH4Bh7g9W6V4fUcKZWp5
2024,Velho bandido,Sérgio Sampaio,0ttwBh6o5To3XujSD4x3uA
2024,Infinito Azul,Gastação Infinita,47LV5Aj9WLzNli3sWxXKFZ
2024,Bad Mouth,Fugazi,62sC6lUEWRjbFqXpMmOk4G
2024,Rapp Snitch Knishes - Live Instrumental,OMA,6tcltBYoeWDm2P6NoawNIT
2024,Faixa Seis,Sérgio Sampaio,0ttwBh6o5To3XujSD4x3uA
2024,Demanda,Sain,26aPjwxSSJsGy6yQ19YL55
2024,Gør Det,Otesla,4TcaTULxuMBvC57uafRGIE
2024,You Know How We Do It,OMA,6tcltBYoeWDm2P6NoawNIT
2024,Odete,Sérgio Sampaio,0ttwBh6o5To3XujSD4x3uA
2024,Letters to Jun(E),Witness,7to2Zxi3tNA22VSIZfDh2M
2024,Gila Monster,King Gizzard & The Lizard Wizard,6XYvaoDGE0VmRt83Jss9Sn
2024,She Watch Channel Zero?!,Public Enemy,6Mo9PoU6svvhgEum7wh2Nd
2024,Cabras pastando,Sérgio Sampaio,0ttwBh6o5To3XujSD4x3uA
2024,Hypnotize - 2014 Remaster,The Notorious B.I.G.,5me0Irg2ANcsgc93uaYrpb
2024,MYSTERY,Turnstile,2qnpHrOzdmOo1S4ox3j17x
2024,Demorô,Criolo,37ZflmHTdxkSLQuT8w9NBs
2024,Tem que acontecer,Sérgio Sampaio,0ttwBh6o5To3XujSD4x3uA
2024,Work This Time,King Gizzard & The Lizard Wizard,6XYvaoDGE0VmRt83Jss9Sn
2024,Hopscotch - Slow,Miles Davis,0kbYTNQb4Pb1rPbbaF0pT4
2024,Rebirth of Cool,DJ Cam Quartet,0DkOD427BCfr11yQVvfqU9
2024,Quanto mais,Sérgio Sampaio,0ttwBh6o5To3XujSD4x3uA
2024,Cornélios,Gastação Infinita,47LV5Aj9WLzNli3sWxXKFZ
2024,curva escura,Os Garotin,6aMpeys8CsM9RuRR74RNMP
2024,Runnin',OMA,6tcltBYoeWDm2P6NoawNIT
2024,Na Captura,Sérgio Sampaio,0ttwBh6o5To3XujSD4x3uA
2024,Essa É Pra Tocar No Baile,BNegão,3wYrCJWf6iI5vuUDOnZdUw
2024,Disritmia,Casuarina,0Z7qVrRll0xvdJ68DX0O0b
2024,The World Is Yours,OMA,6tcltBYoeWDm2P6NoawNIT
2024,"O que pintá, pintô",Sérgio Sampaio,0ttwBh6o5To3XujSD4x3uA
2024,Road to the West,SEATBELTS,3U3zr5PCRa9ty74uN46iBa
2024,Mãos,Almir Guineto,2x5fdOl1kpBgD74cOkzNY0
2024,Electric Relaxation,OMA,6tcltBYoeWDm2P6NoawNIT
2024,Eu Quero É Botar Meu Bloco Na Rua,Sérgio Sampaio,0ttwBh6o5To3XujSD4x3uA
2024,em nome da paz,Os Garotin,6aMpeys8CsM9RuRR74RNMP
2024,Maria de Vila Matilde,Douglas Germano,2ig041GcPcddsLoeUWpcJ0
2024,Raid,OMA,6tcltBYoeWDm2P6NoawNIT
2024,Em Nome de Deus,Sérgio Sampaio,0ttwBh6o5To3XujSD4x3uA
2024,Epipremnum Aureum NJoy,Ciao Ciao Marigold,5MdvoiMcOaHXOAHKabtSpX
2024,Coração Sapato,Mukeka di Rato,2WEABapGGzYET6Dq5tmIDi
2024,Do For Love,OMA,6tcltBYoeWDm2P6NoawNIT
2024,Cruel,Sérgio Sampaio,0ttwBh6o5To3XujSD4x3uA
2024,Loop Prisoner,Jazz Liberatorz,6wq0ypfSKR1Baqi4qoJWsq
2024,Ease Back Interlude,The Rugged Nuggets,5kPBcUdkq1hxUdpdyc1X0Y
2024,Deetermeter,Testiculo y Uno,0pkecf4XKAVfFHUtgdoSE9
2024,Cala A Boca Zebedeu,Sérgio Sampaio,0ttwBh6o5To3XujSD4x3uA
2024,Interludio De Medicamento,Suff Daddy,7BYXrz5LhCrix6A3EwPvU0
2024,Sucrilhos,Criolo,37ZflmHTdxkSLQuT8w9NBs
2024,Pontes Indestrutíveis,Charlie Brown Jr.,1on7ZQ2pvgeQF4vmIA09x5
2024,Nublum,Macaco Bong,5N59uF54tNuJLYH7Y6sBTD
2024,White Sands,Tommy Guerrero,5qnkHpjyS6CUxH1UUy82B7
2024,Nem Vem Que Não Tem,Wilson Simonal,6DqFCzjARUV3xH9meu3Bya
2024,Slow Jam 1,King Gizzard & The Lizard Wizard,6XYvaoDGE0VmRt83Jss9Sn
2024,One Step Closer,Linkin Park,6XyY86QOPPrYVGvF9ch6wz
2024,Mr. Biko,Wolfgang Lackerschmid,3DK2TT2zcwr9AbWTfOHwxS
2024,The Fox,The Filthy Six,1AiQK5vJEjhf6pFcWs5nWp
2024,Aquele Abraço,Tim Maia,0jOs0wnXCu1bGGP7kh5uIu
2024,Luv(sic),OMA,6tcltBYoeWDm2P6NoawNIT
2024,"Capítulo 4, Versículo 3",Racionais MC's,29CQLw9uLWsl8Qkz9holfr
2024,Cornélios,Gastação Infinita,47LV5Aj9WLzNli3sWxXKFZ
2023,Infinito Azul,Gastação Infinita,47LV5Aj9WLzNli3sWxXKFZ
2023,João Bananeira - Ao Vivo,Gastação Infinita,47LV5Aj9WLzNli3sWxXKFZ
2023,All Caps,Madvillain,2aoFQUeHD1U7pL098lRsDU
2023,HOLIDAY,Turnstile,2qnpHrOzdmOo1S4ox3j17x
2023,Parabéns aos Envolvidos,Surra,5TM5LOr6mxQGod2sH9Uz9e
2023,Nublum,Macaco Bong,5N59uF54tNuJLYH7Y6sBTD
2023,Rapp Snitch Knishes,MF DOOM,2pAWfrd7WFF3XhVt9GooDL
2023,O Cobrador,Merdada,06k1ymDbt7FGnEqnvFqzJ2
2023,Rinha de Magnata,Mukeka di Rato,2WEABapGGzYET6Dq5tmIDi
2023,King Kunta,Kendrick Lamar,2YZyLoL8N0Wb9xBt1NhZWg
2023,Curls,Madvillain,2aoFQUeHD1U7pL098lRsDU
2023,TACA FOGO,Planet Hemp,3nasa4yabzvUeb6DzejDYU
2023,Real Thing,Turnstile,2qnpHrOzdmOo1S4ox3j17x
2023,SICKO MODE,Travis Scott,0Y5tJX1MQlPlqiwlOH1tJY
2023,Coco Mango Diced,Damu The Fudgemunk,7Mws36yO3takBR2WMsXOkM
2023,Walk,Pantera,14pVkFUHDL207LzLHtSA18
2023,Odara,Caetano Veloso,7HGNYPmbDrMkylWqeFCOIQ
2023,UNDERWATER BOI,Turnstile,2qnpHrOzdmOo1S4ox3j17x
2023,Lockjaw,King Geedorah,77AKJs9SJqxHXbPgtJPKRa
2023,More Soup,Moka Only,7G9ZUoEjbi5Z2bR5w60S0h
2023,War Inside My Head,Suicidal Tendencies,3WPKDlucMsXH6FC1XaclZC
2023,Aponte pro Espelho,Pense,5u7Nm1nRMAHWrzoVmCP7fo
2023,Baile funky,Raimundos,3CfJckVRuukdJSvK3r89yJ
2023,Sublime,Gal Costa,1b8kpp4DUwt1hWaxTiWQhD
2023,Bridge Burning,Foo Fighters,7jy3rLJdDQY21OgRLCZ9sD
2023,These Walls,Kendrick Lamar,2YZyLoL8N0Wb9xBt1NhZWg
2023,Doomsday,MF DOOM,2pAWfrd7WFF3XhVt9GooDL
2023,Siga,Dead Fish,7Lvg39k5XgXevGR767ikYI
2023,20 Questions,Lootpack,2D0NqDyt2R9RVar9MNs8kP
2023,O Mal Que Habita a Terra,Surra,5TM5LOr6mxQGod2sH9Uz9e
2023,Benzi Box,DANGERDOOM,0b3fYxnG6tlR0zLtBJd8DF
2023,Gila Monster,King Gizzard & The Lizard Wizard,6XYvaoDGE0VmRt83Jss9Sn
2023,Alright,Kendrick Lamar,2YZyLoL8N0Wb9xBt1NhZWg
2023,You Can't Bring Me Down,Suicidal Tendencies,3WPKDlucMsXH6FC1XaclZC
2023,The Hands of Doom (Skit),MF DOOM,2pAWfrd7WFF3XhVt9GooDL
2023,Autonomia,Dead Fish,7Lvg39k5XgXevGR767ikYI
2023,Andar na pedra,Raimundos,3CfJckVRuukdJSvK3r89yJ
2023,Bulls On Parade,Rage Against The Machine,2d0hyoQ5ynDBnkvAbJKORj
2023,Avesso,Lane,2a3F0qa0OGZlKOqUtBqBQp
2023,I Still Like You,ビクター ＭＫＩＩ,2lGJkXqpvUW77Kc6hcEIO8
2023,Meat Grinder,Madvillain,2aoFQUeHD1U7pL098lRsDU
2023,Cachaça,Mukeka di Rato,2WEABapGGzYET6Dq5tmIDi
2023,Último Romance,Los Hermanos,7Brxri4l1ATShikyHXsEr6
2023,Chave do Portão - Acústico Ao Vivo,Gastação Infinita,47LV5Aj9WLzNli3sWxXKFZ
2023,Bistro,Madvillain,2aoFQUeHD1U7pL098lRsDU
2023,Brilho da Noite,Djavan,5rrmaoBXZ7Jcs4Qb77j0YA
2023,T.L.C. (TURNSTILE LOVE CONNECTION),Turnstile,2qnpHrOzdmOo1S4ox3j17x
2023,Partido Alto - Ao Vivo,Cássia Eller,10naVTwNjE50daQVrN0bXh
2023,Hoe Cakes,MF DOOM,2pAWfrd7WFF3XhVt9GooDL
2023,Wesley's Theory,Kendrick Lamar,2YZyLoL8N0Wb9xBt1NhZWg
2023,Anti-Matter,King Geedorah,77AKJs9SJqxHXbPgtJPKRa
2023,Carne,Mukeka di Rato,2WEABapGGzYET6Dq5tmIDi
2023,It Ain't Nuttin',The Herbaliser,1O7aMVbDeSXY2LiVBhb13w
2023,Jaya,BRAZA,5F0iFhw7bZE7a8INjualJn
2023,Pitando no Kombão,Raimundos,3CfJckVRuukdJSvK3r89yJ
2023,Ande de Skate e Destrua,Gritando HC,19XpD8usAYOdO3hwmQ06i4
2023,Kon Queso,MF DOOM,2pAWfrd7WFF3XhVt9GooDL
2023,Bogotá,Criolo,37ZflmHTdxkSLQuT8w9NBs
2023,Work This Time,King Gizzard & The Lizard Wizard,6XYvaoDGE0VmRt83Jss9Sn
2023,Gatas Extraordinárias,Cássia Eller,10naVTwNjE50daQVrN0bXh
2023,America's Most Blunted (feat. Quasimoto),Madvillain,2aoFQUeHD1U7pL098lRsDU
2023,Velha Roupa Colorida,Elis Regina,0yFvXd36g5sNKYDi0Kkvl8
2023,Sense,King Gizzard & The Lizard Wizard,6XYvaoDGE0VmRt83Jss9Sn
2023,Infernal,Cássia Eller,10naVTwNjE50daQVrN0bXh
2023,Figaro,Madvillain,2aoFQUeHD1U7pL098lRsDU
2023,Come Down,Anderson .Paak,3jK9MiCrA42lLAdMGUZpwa
2023,Witchcraft,King Gizzard & The Lizard Wizard,6XYvaoDGE0VmRt83Jss9Sn
2023,Refuse / Resist,Sepultura,6JW8wliOEwaDZ231ZY7cf4
2023,Crosshairs,DANGERDOOM,0b3fYxnG6tlR0zLtBJd8DF
2023,Revólver,Dead Fish,7Lvg39k5XgXevGR767ikYI
2023,Hope,Descendents,1FGH4Bh7g9W6V4fUcKZWp5
2023,How We Met,Count Bass D,3P1ULKxhVEpywj0hogWT44
2023,Accordion,Madvillain,2aoFQUeHD1U7pL098lRsDU
2023,NINGUÉM SEGURA A GENTE,Planet Hemp,3nasa4yabzvUeb6DzejDYU
2023,BLACKOUT,Turnstile,2qnpHrOzdmOo1S4ox3j17x
2023,Slow Jam 1,King Gizzard & The Lizard Wizard,6XYvaoDGE0VmRt83Jss9Sn
2023,Song For The Dead,Queens of the Stone Age,4pejUc4iciQfgdX6OKulQn
2023,Domination,Pantera,14pVkFUHDL207LzLHtSA18
2023,MYSTERY,Turnstile,2qnpHrOzdmOo1S4ox3j17x
2023,Deep Fried Frenz,MF DOOM,2pAWfrd7WFF3XhVt9GooDL
2023,Hoje Eu Quero Sair Só,Lenine,4YLBdrR3DVSMncm785NH6C
2023,Backseat Freestyle,Kendrick Lamar,2YZyLoL8N0Wb9xBt1NhZWg
2023,I Don't Wanna Be Blind,Turnstile,2qnpHrOzdmOo1S4ox3j17x
2023,Beef Rapp,MF DOOM,2pAWfrd7WFF3XhVt9GooDL
2023,O Bom Maluco,Djonga,204IwDdaHE4ymGk9Kya2pY
2023,O Leãozinho - Nova Mixagem,Caetano Veloso,7HGNYPmbDrMkylWqeFCOIQ
2023,"Oba, Lá Vem Ela",Jorge Ben Jor,5JYtpnUKxAzXfHEYpOeeit
2023,One Beer,MF DOOM,2pAWfrd7WFF3XhVt9GooDL
2023,Guerreiro,Curumin,1W1k6LUPDR0l4zwvKR4YLI
2023,Pedras Pesadas,Mato Seco,2b3gMC15SnC8mwjnYiUXvx
2023,Transante,Lagum,5D56dZmhE9DgT01XixdHiD
2023,The Finest,MF DOOM,2pAWfrd7WFF3XhVt9GooDL
2023,Showdown - Instrumental,Slowy,2gqd19ANv8aoJ5mzI3DaZo
2023,O Côro Vai Comê,Charlie Brown Jr.,1on7ZQ2pvgeQF4vmIA09x5
2023,Sangue De Bairro,Chico Science,7HnkRhoGqYLTasI52iJoE7
2023,Rhinestone Cowboy,Madvillain,2aoFQUeHD1U7pL098lRsDU
2023,"Tenha Fé, Pois Amanhã um Lindo Dia Vai Nascer",Os Originais Do Samba,4gKqxjR0MkEKjqvO3Ctvpg
2023,estate,DRWN.,0h6JSIfoSSbXtaBWiUC4Wy
2023,Arrival,The Alchemist,0eVyjRhzZKke2KFYTcDkeu
2023,Potholderz,MF DOOM,2pAWfrd7WFF3XhVt9GooDL
2022,Tapanacara,Raul Seixas,7jrRQZg4FZq6dwpi3baKcu
2022,Tu És O MDC Da Minha Vida,Raul Seixas,7jrRQZg4FZq6dwpi3baKcu
2022,Todo mundo explica,Raul Seixas,7jrRQZg4FZq6dwpi3baKcu
2022,É Fim De Mês,Raul Seixas,7jrRQZg4FZq6dwpi3baKcu
2022,Al Capone,Raul Seixas,7jrRQZg4FZq6dwpi3baKcu
2022,Ive Brussel - Ao vivo,Jorge Ben Jor,5JYtpnUKxAzXfHEYpOeeit
2022,Hope,Descendents,1FGH4Bh7g9W6V4fUcKZWp5
2022,"Tenha Fé, Pois Amanhã um Lindo Dia Vai Nascer",Os Originais Do Samba,4gKqxjR0MkEKjqvO3Ctvpg
2022,Movido à álcool,Raul Seixas,7jrRQZg4FZq6dwpi3baKcu
2022,Congênito,Luiz Melodia,1zZjt7cDeeJSLWZYK34r7W
2022,Tenha Dó,Los Hermanos,7Brxri4l1ATShikyHXsEr6
2022,Pedras Pesadas,Mato Seco,2b3gMC15SnC8mwjnYiUXvx
2022,Sociedade Alternativa,Raul Seixas,7jrRQZg4FZq6dwpi3baKcu
2022,Back In Bahia,Gilberto Gil,7oEkUINVIj1Nr3Wnj8tzqr
2022,FOIMAL,Boogarins,0ohvsn0lgt51qZUbu9ct4s
2022,De Noite Na Cama,Erasmo Carlos,6cHQUDAPGKRE2NbVjBlOcz
2022,Paranóia,Raul Seixas,7jrRQZg4FZq6dwpi3baKcu
2022,Vacilão,Zeca Pagodinho,3qZ2n5keOAat1SoF6bHwmb
2022,SICKO MODE,Travis Scott,0Y5tJX1MQlPlqiwlOH1tJY
2022,TACA FOGO,Planet Hemp,3nasa4yabzvUeb6DzejDYU
2022,Eu Também Vou Reclamar,Raul Seixas,7jrRQZg4FZq6dwpi3baKcu
2022,You Don't Know Me,Caetano Veloso,7HGNYPmbDrMkylWqeFCOIQ
2022,Deixa o Verão,Los Hermanos,7Brxri4l1ATShikyHXsEr6
2022,FEBRE DO RATO},Marcelo D2,1vEN3d3dJbmdHQpXD6AIkL
2022,Capim Guiné,Raul Seixas,7jrRQZg4FZq6dwpi3baKcu
2022,Compacto,Curumin,1W1k6LUPDR0l4zwvKR4YLI
2022,Sem Saber,Djavan,5rrmaoBXZ7Jcs4Qb77j0YA
2022,Ébano,Luiz Melodia,1zZjt7cDeeJSLWZYK34r7W
2022,"Let Me Sing, Let Me Sing",Raul Seixas,7jrRQZg4FZq6dwpi3baKcu
2022,Eu Quero É Botar Meu Bloco Na Rua,Sérgio Sampaio,0ttwBh6o5To3XujSD4x3uA
2022,Aprendiz De Feiticeiro,Cássia Eller,10naVTwNjE50daQVrN0bXh
2022,Lágrimas Sofridas,Los Hermanos,7Brxri4l1ATShikyHXsEr6
2022,Eu Sou Egoísta,Raul Seixas,7jrRQZg4FZq6dwpi3baKcu
2022,Ninguém vive por mim,Sérgio Sampaio,0ttwBh6o5To3XujSD4x3uA
2022,O RITMO E A RAIVA,Planet Hemp,3nasa4yabzvUeb6DzejDYU
2022,Azedume,Los Hermanos,7Brxri4l1ATShikyHXsEr6
2022,Abre-Te Sésamo,Raul Seixas,7jrRQZg4FZq6dwpi3baKcu
2022,Everything Sux,Descendents,1FGH4Bh7g9W6V4fUcKZWp5
2022,FIM DO FIM,Planet Hemp,3nasa4yabzvUeb6DzejDYU
2022,Vesti Azul,Wilson Simonal,6DqFCzjARUV3xH9meu3Bya
2022,Aluga-Se,Raul Seixas,7jrRQZg4FZq6dwpi3baKcu
2022,Os Alquimistas Estão Chegando Os Alquimistas,Jorge Ben Jor,5JYtpnUKxAzXfHEYpOeeit
2022,PUXA FUMO,Planet Hemp,3nasa4yabzvUeb6DzejDYU
2022,Kilario,Di Melo,4KyZtyl55zzHoBJUp07Doe
2022,Cachorro-Urubú,Raul Seixas,7jrRQZg4FZq6dwpi3baKcu
2022,Take Five,King Tubby,1AMMMSq3rJdZtFGnBXEkz7
2022,Brasília,Sérgio Sampaio,0ttwBh6o5To3XujSD4x3uA
2022,Sentimento Blues,daBossa,64jv4PdBRwMSjH5DMBWBnp
2022,King Kunta,Kendrick Lamar,2YZyLoL8N0Wb9xBt1NhZWg
2022,Mosca Na Sopa,Raul Seixas,7jrRQZg4FZq6dwpi3baKcu
2022,A Vida Em Seus Métodos Diz Calma,Di Melo,4KyZtyl55zzHoBJUp07Doe
2022,Partido Alto - Ao Vivo,Cássia Eller,10naVTwNjE50daQVrN0bXh
2022,Cala A Boca Zebedeu,Sérgio Sampaio,0ttwBh6o5To3XujSD4x3uA
2022,Canceriano Sem Lar (Clínica Tobias Blues),Raul Seixas,7jrRQZg4FZq6dwpi3baKcu
2022,Essa Moça Tá Diferente,Chico Buarque,6tOsSffQQIXmK8TqsDck8t
2022,War Pigs,CAKE,6A43Djmhbe9100UwnI7epV
2022,Lero-Lero,Edu Lobo,6u5P4S3NSj4EDNegDlOevO
2022,Cantar,Raul Seixas,7jrRQZg4FZq6dwpi3baKcu
2022,DISTOPIA,Planet Hemp,3nasa4yabzvUeb6DzejDYU
2022,Retrato Pra Iaia,Los Hermanos,7Brxri4l1ATShikyHXsEr6
2022,Umaextrapunkprumextrafunk,Black Alien,6aCbXH85qN6xo54C7atSMx
2022,Sapato 36,Raul Seixas,7jrRQZg4FZq6dwpi3baKcu
2022,JARDINEIRO,Planet Hemp,3nasa4yabzvUeb6DzejDYU
2022,Sabotage,Beastie Boys,03r4iKL2g2442PT9n2UKsx
2022,Refuse / Resist,Sepultura,6JW8wliOEwaDZ231ZY7cf4
2022,Pagando brabo,Raul Seixas,7jrRQZg4FZq6dwpi3baKcu
2022,Handsworth Revolution,Steel Pulse,6UL7BodGc5iVmQGlMwHR0g
2022,War Ina Babylon,Max Romeo,45QpZznbXYo3nWy0TIhvgv
2022,I Am The Upsetter,"Lee ""Scratch"" Perry",1TsG4AumsMt1Tcq2nHpov9
2022,Senhora Dona Persona (Pesadelo Mitológico Número 3),Raul Seixas,7jrRQZg4FZq6dwpi3baKcu
2022,Reza vela,O Rappa,1A5QJAC1vdhbhPE25Q0x0f
2022,As Good As You've Been to This World,Janis Joplin,4NgfOZCL9Ml67xzM0xzIvC
2022,We Cry Together,Kendrick Lamar,2YZyLoL8N0Wb9xBt1NhZWg
2022,Cruel,Sérgio Sampaio,0ttwBh6o5To3XujSD4x3uA
2022,6 Foot 7 Foot,Lil Wayne,55Aa2cqylxrFIXC767Z865
2022,Maré,Rodrigo Amarante,0UOrkpzPED604dKzxgfJqg
2022,N95,Kendrick Lamar,2YZyLoL8N0Wb9xBt1NhZWg
2022,Vá Morar Com O Diabo - Ao Vivo,Cássia Eller,10naVTwNjE50daQVrN0bXh
2022,Judas,Raul Seixas,7jrRQZg4FZq6dwpi3baKcu
2022,Reconvexo - Ao Vivo,Caetano Veloso,7HGNYPmbDrMkylWqeFCOIQ
2022,Sem Ter Você,Los Hermanos,7Brxri4l1ATShikyHXsEr6
2022,Pega a Manha,Câmbio Negro,5Wb0tbl65WNfFlIjGMY7CV
2022,Alright,Kendrick Lamar,2YZyLoL8N0Wb9xBt1NhZWg
2022,Pra Aquietar,Luiz Melodia,1zZjt7cDeeJSLWZYK34r7W
2022,I Don't F**k With You,Trinix Remix,0RvjLz7klSc5lNgxX7EiVZ
2022,Coffee Mug,Descendents,1FGH4Bh7g9W6V4fUcKZWp5
2022,Blood Sugar Sex Magik,Red Hot Chili Peppers,0L8ExT028jH3ddEcZwqJJ5
2022,Cachaça Mecânica,Erasmo Carlos,6cHQUDAPGKRE2NbVjBlOcz
2022,Our Town,Sticky Fingers,3ZGr7nQBXDU2WhyXgRVbt0
2022,AINDA,Planet Hemp,3nasa4yabzvUeb6DzejDYU
2022,Não Vou Ficar,Tim Maia,0jOs0wnXCu1bGGP7kh5uIu
2022,Siga,Dead Fish,7Lvg39k5XgXevGR767ikYI
2022,Swing Easy,The Skatalites,4og9jrin5xH5JiFPbeGUPb
2022,AMNÉSIA,Planet Hemp,3nasa4yabzvUeb6DzejDYU
2022,Funky Kingston,Toots & The Maytals,6ZFv3wQwwWPiVDWhv0mjQK
2022,Legalize It,Peter Tosh,0oea1hwGMfUxZbLxJc1XUN
2022,Pressure Drop - Single Version,Toots & The Maytals,6ZFv3wQwwWPiVDWhv0mjQK
2022,ELES SENTEM TAMBÉM,Planet Hemp,3nasa4yabzvUeb6DzejDYU
2022,Let Down,Easy Star All-Stars,5FWTu1MZdB5fjKif2rZldJ
2022,"Get Up, Stand Up",Peter Tosh,0oea1hwGMfUxZbLxJc1XUN
2021,Aponte pro Espelho,Pense,5u7Nm1nRMAHWrzoVmCP7fo
2021,King Kunta,Kendrick Lamar,2YZyLoL8N0Wb9xBt1NhZWg
2021,Siga,Dead Fish,7Lvg39k5XgXevGR767ikYI
2021,Eu Não Posso Mais,Pense,5u7Nm1nRMAHWrzoVmCP7fo
2021,Conflito Violento,Ratos De Porão,3d2xlrGC9JGD7ycsf0e8mF
2021,Refuse / Resist,Sepultura,6JW8wliOEwaDZ231ZY7cf4
2021,Come Down,Anderson .Paak,3jK9MiCrA42lLAdMGUZpwa
2021,Sabotage,Beastie Boys,03r4iKL2g2442PT9n2UKsx
2021,A Vida Em Seus Metodos Diz Calma,Di Melo,4KyZtyl55zzHoBJUp07Doe
2021,SICKO MODE,Travis Scott,0Y5tJX1MQlPlqiwlOH1tJY
2021,Atordoado,CPM 22,2Jw4Lrfjnyv2QsDoBgnrAP
2021,O Cobrador,Merdada,06k1ymDbt7FGnEqnvFqzJ2
2021,Kilario,Di Melo,4KyZtyl55zzHoBJUp07Doe
2021,Parabéns aos Envolvidos,Surra,5TM5LOr6mxQGod2sH9Uz9e
2021,Backseat Freestyle,Kendrick Lamar,2YZyLoL8N0Wb9xBt1NhZWg
2021,Domination,Pantera,14pVkFUHDL207LzLHtSA18
2021,Eleito por Ninguém,Dead Fish,7Lvg39k5XgXevGR767ikYI
2021,World Painted Blood,Slayer,1IQ2e1buppatiN1bxUVkrk
2021,Carne,Mukeka di Rato,2WEABapGGzYET6Dq5tmIDi
2021,Não Deixe O Mar Te Engolir,Charlie Brown Jr.,1on7ZQ2pvgeQF4vmIA09x5
2021,Say So,Doja Cat,5cj0lLjcoR7YOSnhnX0Po5
2021,Rise Above,Black Flag,5Mhs3Eu8lU6sRCtRYsmABV
2021,You Can't Bring Me Down,Suicidal Tendencies,3WPKDlucMsXH6FC1XaclZC
2021,Mars For The Rich,King Gizzard & The Lizard Wizard,6XYvaoDGE0VmRt83Jss9Sn
2021,Se O Mundo Acabasse Em Mel,Di Melo,4KyZtyl55zzHoBJUp07Doe
2021,Good Trip,Forfun,1qIAsl3tIpnX0j4BMi0l5g
2021,Back In Bahia,Gilberto Gil,7oEkUINVIj1Nr3Wnj8tzqr
2021,You Don't Know Me,Caetano Veloso,7HGNYPmbDrMkylWqeFCOIQ
2021,"É Preciso Dar Um Jeito, Meu Amigo",Erasmo Carlos,6cHQUDAPGKRE2NbVjBlOcz
2021,Sem Saber,Djavan,5rrmaoBXZ7Jcs4Qb77j0YA
2021,"Punky Reggae Party - 12"" Version",Bob Marley & The Wailers,2QsynagSdAqZj3U9HgDzjD
2021,Bridge Burning,Foo Fighters,7jy3rLJdDQY21OgRLCZ9sD
2021,Loteria Da Babilônia,Raul Seixas,7jrRQZg4FZq6dwpi3baKcu
2021,Cagar na Rua,Os Pedrero,20AgDgpylgasUMPZ8l5xEw
2021,Jesus of Suburbia,Green Day,7oPftvlwr6VrsViSDV7fJY
2021,Samurai - JAH-VAN,Dada Yute,4mZqYlVhIZJnJtbF39kDjj
2021,Umaextrapunkprumextrafunk,Black Alien,6aCbXH85qN6xo54C7atSMx
2021,Jorge Maravilha,Chico Buarque,6tOsSffQQIXmK8TqsDck8t
2021,Our Town,Sticky Fingers,3ZGr7nQBXDU2WhyXgRVbt0
2021,Azul - JAH-VAN,Fernanda Abreu,23T5kuXiRZWsH5w1lxowMh
2021,Cruel,Sérgio Sampaio,0ttwBh6o5To3XujSD4x3uA
2021,Samurai (feat. Stevie Wonder),Djavan,5rrmaoBXZ7Jcs4Qb77j0YA
2021,Rockixe,Raul Seixas,7jrRQZg4FZq6dwpi3baKcu
2021,Utopia,Pense,5u7Nm1nRMAHWrzoVmCP7fo
2021,Lero-Lero,Edu Lobo,6u5P4S3NSj4EDNegDlOevO
2021,Costa Verde,Forfun,1qIAsl3tIpnX0j4BMi0l5g
2021,Cala A Boca Zebedeu,Sérgio Sampaio,0ttwBh6o5To3XujSD4x3uA
2021,Todo Momento É o Agora,Pense,5u7Nm1nRMAHWrzoVmCP7fo
2021,Revólver,Dead Fish,7Lvg39k5XgXevGR767ikYI
2021,Epic,Faith No More,6GbCJZrI318Ybm8mY36Of5
2021,Waiting Room,Fugazi,62sC6lUEWRjbFqXpMmOk4G
2021,Merenda,Surra,5TM5LOr6mxQGod2sH9Uz9e
2021,Rei de Açúcar,Dead Fish,7Lvg39k5XgXevGR767ikYI
2021,FEBRE DO RATO},Marcelo D2,1vEN3d3dJbmdHQpXD6AIkL
2021,That's My Way,Edi Rock,2fYAyTS2erZgqEHKHYqgi2
2021,Meu Bem Querer - JAH-VAN,Seu Jorge,0i1s9WcIu0PrUvHzALgofo
2021,Um Girassol Da Cor Do Seu Cabelo,Lô Borges,1mZbRiSVb2ExneAlDbBiiT
2021,War Inside My Head,Suicidal Tendencies,3WPKDlucMsXH6FC1XaclZC
2021,Você Sabe Com Quem Está Falando?,Pense,5u7Nm1nRMAHWrzoVmCP7fo
2021,Amiga Da Minha Mulher,Seu Jorge,0i1s9WcIu0PrUvHzALgofo
2021,Dedo Na Ferida - Live,Emicida,2d9LRvQJnAXRijqIJDDs2K
2021,Reconvexo - Ao Vivo,Caetano Veloso,7HGNYPmbDrMkylWqeFCOIQ
2021,De Noite Na Cama,Erasmo Carlos,6cHQUDAPGKRE2NbVjBlOcz
2021,Didático,Dead Fish,7Lvg39k5XgXevGR767ikYI
2021,Bete Balanço,Barão Vermelho,5zq0SGWxrmzpTSXkBEQzMj
2021,Levanta e Vai,Pense,5u7Nm1nRMAHWrzoVmCP7fo
2021,Sleep Now In the Fire,Rage Against The Machine,2d0hyoQ5ynDBnkvAbJKORj
2021,Destruir Tudo de Novo,Dead Fish,7Lvg39k5XgXevGR767ikYI
2021,Cara Esperto,Forfun,1qIAsl3tIpnX0j4BMi0l5g
2021,Baile funky,Raimundos,3CfJckVRuukdJSvK3r89yJ
2021,"Augusta, Angélica e Consolação",Tom Zé,1gIa65d5ICT2xVWiUJ3u27
2021,Fora do Mapa,Dead Fish,7Lvg39k5XgXevGR767ikYI
2021,Hc3,Planet Hemp,3nasa4yabzvUeb6DzejDYU
2021,Rinha de Magnata,Mukeka di Rato,2WEABapGGzYET6Dq5tmIDi
2021,Gota a Gota,Pense,5u7Nm1nRMAHWrzoVmCP7fo
2021,W / Brasil (Chama o síndico),Jorge Ben Jor,5JYtpnUKxAzXfHEYpOeeit
2021,A Minha Menina,Os Mutantes,5C0gCCG8N5Dh5dZytIgzLX
2021,Por quem os sinos dobram,Raul Seixas,7jrRQZg4FZq6dwpi3baKcu
2021,Friday I'm In Love,The Cure,7bu3H8JO7d0UbMoVzbo70s
2021,O Telefone Tocou Novamente,Jorge Ben Jor,5JYtpnUKxAzXfHEYpOeeit
2021,Easy,Faith No More,6GbCJZrI318Ybm8mY36Of5
2021,Seu Namorado É um Cuzão,Forfun,1qIAsl3tIpnX0j4BMi0l5g
2021,Rei Lacoste,MD Chefe,6yZKPB8eRoJesHjtxPxSLs
2021,Oldboy,Dead Fish,7Lvg39k5XgXevGR767ikYI
2021,Ébano,Luiz Melodia,1zZjt7cDeeJSLWZYK34r7W
2021,Alright,Kendrick Lamar,2YZyLoL8N0Wb9xBt1NhZWg
2021,Banned in D.C.,Bad Brains,1oVj9JmPUPg4SQ2uerV2xc
2021,Everything Sux,Descendents,1FGH4Bh7g9W6V4fUcKZWp5
2021,Hey Govinda,Marco Schultz,6fS33A6HpL1XvIUx8QAkI4
2021,Nem um Dia - JAH-VAN,Chico César,3vlUveVfzPXzhiPGjHHxOH
2021,From Hell do Céu,Black Alien,6aCbXH85qN6xo54C7atSMx
2021,Viva (Melô Dos Vileiros) - Live,Criolo,37ZflmHTdxkSLQuT8w9NBs
2021,Jimmy James - Remastered 2009,Beastie Boys,03r4iKL2g2442PT9n2UKsx
2021,Faltando um Pedaço - JAH-VAN,Zeca Baleiro,7LunbFWIm3RPQpywjOSSd8
2021,Existência,Pense,5u7Nm1nRMAHWrzoVmCP7fo
2021,Tô,Tom Zé,1gIa65d5ICT2xVWiUJ3u27
2021,Demorô - Live,Criolo,37ZflmHTdxkSLQuT8w9NBs
2021,Terra do Nunca,Forfun,1qIAsl3tIpnX0j4BMi0l5g
2021,"Corpo, Mente, Espírito",Pense,5u7Nm1nRMAHWrzoVmCP7fo
2021,Diesel,Dead Fish,7Lvg39k5XgXevGR767ikYI
2019,Waiting Room,Fugazi,62sC6lUEWRjbFqXpMmOk4G
2019,Our Town,Sticky Fingers,3ZGr7nQBXDU2WhyXgRVbt0
2019,Ratamahatta,Sepultura,6JW8wliOEwaDZ231ZY7cf4
2019,You Only Live Once,The Strokes,0epOFNiUfyON9EYx7Tpr6V
2019,Redbone,Childish Gambino,73sIBHcqh3Z3NyqHKZ7FOL
2019,Siga,Dead Fish,7Lvg39k5XgXevGR767ikYI
2019,Outcast At Last,Sticky Fingers,3ZGr7nQBXDU2WhyXgRVbt0
2019,Walk,Pantera,14pVkFUHDL207LzLHtSA18
2019,Breakout,Foo Fighters,7jy3rLJdDQY21OgRLCZ9sD
2019,Conflito Violento,Ratos De Porão,3d2xlrGC9JGD7ycsf0e8mF
2019,Eleito por Ninguém,Dead Fish,7Lvg39k5XgXevGR767ikYI
2019,World Painted Blood,Slayer,1IQ2e1buppatiN1bxUVkrk
2019,Fome do cão,Raimundos,3CfJckVRuukdJSvK3r89yJ
2019,Roots Bloody Roots,Sepultura,6JW8wliOEwaDZ231ZY7cf4
2019,Cowboys from Hell,Pantera,14pVkFUHDL207LzLHtSA18
2019,Repentless,Slayer,1IQ2e1buppatiN1bxUVkrk
2019,Atordoado,CPM 22,2Jw4Lrfjnyv2QsDoBgnrAP
2019,Lexicon Devil,Germs,39zgKjGWsiZzJ9h6gbrPFY
2019,Fucking Hostile,Pantera,14pVkFUHDL207LzLHtSA18
2019,Songbird,Oasis,2DaxqgrOhkeH0fpeiQq2f4
2019,DNA.,Kendrick Lamar,2YZyLoL8N0Wb9xBt1NhZWg
2019,Body Count's in the House,Body Count,5KCph1z3jaSwhtwPzoYp6i
2019,Bridge Burning,Foo Fighters,7jy3rLJdDQY21OgRLCZ9sD
2019,One,Metallica,2ye2Wgw4gimLv2eAKyk1NB
2019,Roubando Comida,Dead Fish,7Lvg39k5XgXevGR767ikYI
2019,No Control,Bad Religion,2yJwXpWAQOOl5XFzbCxLs9
2019,I'm Like A Lawyer With The Way I'm Always Trying To Get You Off (Me & You),Fall Out Boy,4UXqAaa6dQYAk18Lv7PEgX
2019,Rock 'n' Roll High School - 2002 Remaster,Ramones,1co4F2pPNH8JjTutZkmgSm
2019,Queda Livre,Dead Fish,7Lvg39k5XgXevGR767ikYI
2019,Minha Escolinha,Mukeka di Rato,2WEABapGGzYET6Dq5tmIDi
2019,Given Up,Linkin Park,6XyY86QOPPrYVGvF9ch6wz
2019,Jesus of Suburbia,Green Day,7oPftvlwr6VrsViSDV7fJY
2019,Procrastinando,Dead Fish,7Lvg39k5XgXevGR767ikYI
2019,Carne,Mukeka di Rato,2WEABapGGzYET6Dq5tmIDi
2019,Helter Skelter - Remastered 2009,The Beatles,3WrFJ7ztbogyGnTHbHJFl2
2019,30 Kgs de Merda,Surra,5TM5LOr6mxQGod2sH9Uz9e
2019,Killing In The Name,Rage Against The Machine,2d0hyoQ5ynDBnkvAbJKORj
2019,Good Times Bad Times - 1993 Remaster,Led Zeppelin,36QJpDe2go2KgaRleHCDTp
2019,Tão Iguais,Dead Fish,7Lvg39k5XgXevGR767ikYI
2019,Blitzkrieg Bop - 2016 Remaster,Ramones,1co4F2pPNH8JjTutZkmgSm
2019,The Evil Has Landed,Queens of the Stone Age,4pejUc4iciQfgdX6OKulQn
2019,Domination,Pantera,14pVkFUHDL207LzLHtSA18
2019,54-46 Was My Number,The Maytals,6eHPmq8aR8X4TZIMvrD9Bo
2019,XXX. FEAT. U2.,Kendrick Lamar,2YZyLoL8N0Wb9xBt1NhZWg
2019,Spin the Black Circle,Pearl Jam,1w5Kfo2jwwIPruYS2UWh56
2019,De costas para o mar,Rodox,4xlLXZhyat8hNIvgArQEak
2019,Aqui É Hip-Hop,Matilha Cultural,4J3Jp6LAb0VIMPKxDw60Gf
2019,"King's Dead (with Kendrick Lamar, Future & James Blake)",Jay Rock,28ExwzUQsvgJooOI0X1mr3
2019,Parabéns aos Envolvidos,Surra,5TM5LOr6mxQGod2sH9Uz9e
2019,Take Five,New York Ska-Jazz Ensemble,0ADVX4vKQN1saCsOdl67Fj
2019,The Blister Exists,Slipknot,05fG473iIaoy82BF1aGhL8
2019,American Psycho,Misfits,1cXi8ALPQCBHZbf0EgP4Ey
2019,Hoje,Dead Fish,7Lvg39k5XgXevGR767ikYI
2019,Cego de jericó,Rodox,4xlLXZhyat8hNIvgArQEak
2019,Saw Red,Sublime,0EdvGhlC1FkGItLOWQzG4J
2019,Forbidden Zone,Misfits,1cXi8ALPQCBHZbf0EgP4Ey
2019,This Is a Call,Foo Fighters,7jy3rLJdDQY21OgRLCZ9sD
2019,(sic),Slipknot,05fG473iIaoy82BF1aGhL8
2019,HUMBLE.,Kendrick Lamar,2YZyLoL8N0Wb9xBt1NhZWg
2019,Não Deixe O Mar Te Engolir,Charlie Brown Jr.,1on7ZQ2pvgeQF4vmIA09x5
2019,Teenagers,My Chemical Romance,7FBcuc1gsnv6Y1nwFtNRCb
2019,Self Care,Mac Miller,4LLpKhyESsyAXpc4laK94U
2019,Bulls On Parade,Rage Against The Machine,2d0hyoQ5ynDBnkvAbJKORj
2019,Institutionalized,Suicidal Tendencies,3WPKDlucMsXH6FC1XaclZC
2019,War Pigs,Black Sabbath,5M52tdBnJaKSvOpJGz8mfZ
2019,Rinha de Magnata,Mukeka di Rato,2WEABapGGzYET6Dq5tmIDi
2019,Merenda,Surra,5TM5LOr6mxQGod2sH9Uz9e
2019,Poxa!,Os Pedrero,20AgDgpylgasUMPZ8l5xEw
2019,Helena,My Chemical Romance,7FBcuc1gsnv6Y1nwFtNRCb
2019,Qual É o Rosto de Deus?,BRAZA,5F0iFhw7bZE7a8INjualJn
2019,Não Escolha,Surra,5TM5LOr6mxQGod2sH9Uz9e
2019,Run,Foo Fighters,7jy3rLJdDQY21OgRLCZ9sD
2019,Conta Comigo,CPM 22,2Jw4Lrfjnyv2QsDoBgnrAP
2019,Gone,Kanye West,5K4W6rqBFWDnAN6FQUkS6x
2019,Área 51,Black Alien,6aCbXH85qN6xo54C7atSMx
2019,Ace of Spades,Motörhead,1DFr97A9HnbV3SKTJFu62M
2019,Shining,Misfits,1cXi8ALPQCBHZbf0EgP4Ey
2019,Os Hipsters do Centro,Os Pedrero,20AgDgpylgasUMPZ8l5xEw
2019,Womanarchist,Bad Cop Bad Cop,226ZwHRFmxyMqgXCoEkUbq
2019,Attitude,Bad Brains,1oVj9JmPUPg4SQ2uerV2xc
2019,Pompem,Raimundos,3CfJckVRuukdJSvK3r89yJ
2019,Autonomia,Dead Fish,7Lvg39k5XgXevGR767ikYI
2019,Ontem,CPM 22,2Jw4Lrfjnyv2QsDoBgnrAP
2019,Espelho da Alma,Pense,5u7Nm1nRMAHWrzoVmCP7fo
2019,Riders,Yung Buda,34JhhuxlkDFSA5ek4AuZOp
2019,Subconsciente,BNegão & Seletores de Frequencia,1cpyFBSbDQgC05pKUhzNyt
2019,Eu te Odeio 3,Os Pedrero,20AgDgpylgasUMPZ8l5xEw
2019,Palhas do coqueiro,Raimundos,3CfJckVRuukdJSvK3r89yJ
2019,2am,Slightly Stoopid,6MxlVTY6PmY8Nyn16fvxtb
2019,SICKO MODE,Travis Scott,0Y5tJX1MQlPlqiwlOH1tJY
2019,Jesus Walks,Kanye West,5K4W6rqBFWDnAN6FQUkS6x
2019,Andar na pedra,Raimundos,3CfJckVRuukdJSvK3r89yJ
2019,1 X 0 Eu,Dibob,5unSnRQbVY6bEHkfNfgX5R
2019,Umaextrapunkprumextrafunk,Black Alien,6aCbXH85qN6xo54C7atSMx
2019,Sad Songs,Sticky Fingers,3ZGr7nQBXDU2WhyXgRVbt0
2019,Jump (feat. Gizzle),Lupe Fiasco,01QTIT5P1pFP3QnnFSdsJf
2019,Da Lama ao Caos,Chico Science,7HnkRhoGqYLTasI52iJoE7
2019,Waiting In Vain,Bob Marley & The Wailers,2QsynagSdAqZj3U9HgDzjD
2019,One by One,Sticky Fingers,3ZGr7nQBXDU2WhyXgRVbt0
2019,Meus Próprios Meios,Oficina G3,0gO5Vbklho8yrBrUdHhuLH
2016,Proprietários do Terceiro Mundo,Dead Fish,7Lvg39k5XgXevGR767ikYI
2016,Didático,Dead Fish,7Lvg39k5XgXevGR767ikYI
2016,Bridge Burning,Foo Fighters,7jy3rLJdDQY21OgRLCZ9sD
2016,Um Homem Só,Dead Fish,7Lvg39k5XgXevGR767ikYI
2016,Minha Escolinha,Mukeka di Rato,2WEABapGGzYET6Dq5tmIDi
2016,Diversidade,Zander,2U9BIqZBwHMRy5KspZpzt9
2016,Siga,Dead Fish,7Lvg39k5XgXevGR767ikYI
2016,Rua Augusta - Live,Emicida,2d9LRvQJnAXRijqIJDDs2K
2016,Rinha de Magnata,Mukeka di Rato,2WEABapGGzYET6Dq5tmIDi
2016,Hump de Bump,Red Hot Chili Peppers,0L8ExT028jH3ddEcZwqJJ5
2016,Não,Dead Fish,7Lvg39k5XgXevGR767ikYI
2016,Me Ensina,Dead Fish,7Lvg39k5XgXevGR767ikYI
2016,Hoje Cedo,Emicida,2d9LRvQJnAXRijqIJDDs2K
2016,Diesel,Dead Fish,7Lvg39k5XgXevGR767ikYI
2016,Bastian Contra o Nada,Zander,2U9BIqZBwHMRy5KspZpzt9
2016,Karma Police,Radiohead,4Z8W4fKeB5YxbusRsdQVPb
2016,Mambo,Tropkillaz,5bzWtCkjIAMgN93gLt56SO
2016,Autonomia,Dead Fish,7Lvg39k5XgXevGR767ikYI
2016,Só nós 2,Detonautas,5AlUDdksfPP7l4Qm22MJA9
2016,Voltar a Viver,Mukeka di Rato,2WEABapGGzYET6Dq5tmIDi
2016,Arlandria,Foo Fighters,7jy3rLJdDQY21OgRLCZ9sD
2016,Keys to the Kingdom,Linkin Park,6XyY86QOPPrYVGvF9ch6wz
2016,Beatle,Attaque 77,5rI6C5mJm6GYXbGHhpHTu9
2016,Fragmento,Dead Fish,7Lvg39k5XgXevGR767ikYI
2016,Queda Livre,Dead Fish,7Lvg39k5XgXevGR767ikYI
2016,Olhos Queimando,Mukeka di Rato,2WEABapGGzYET6Dq5tmIDi
2016,Sanca,Zander,2U9BIqZBwHMRy5KspZpzt9
2016,Creep,Radiohead,4Z8W4fKeB5YxbusRsdQVPb
2016,A Vida e a Merda,Gonorants,4WjV7uiUHhgmX8RSMkmYX6
2016,Michel Oghata,Dead Fish,7Lvg39k5XgXevGR767ikYI
2016,Borboleta Azul,Mukeka di Rato,2WEABapGGzYET6Dq5tmIDi
2016,O Retorno de Saturno,Detonautas,5AlUDdksfPP7l4Qm22MJA9
2016,Afasia,Dead Fish,7Lvg39k5XgXevGR767ikYI
2016,Subprodutos,Dead Fish,7Lvg39k5XgXevGR767ikYI
2016,Escapando,Dead Fish,7Lvg39k5XgXevGR767ikYI
2016,Rex Space,Bullet Bane,78B9QufospnmmneH4UbHK0
2016,Auxílio Paletó,Mukeka di Rato,2WEABapGGzYET6Dq5tmIDi
2016,Mariô - Live,Criolo,37ZflmHTdxkSLQuT8w9NBs
2016,Dani California,Red Hot Chili Peppers,0L8ExT028jH3ddEcZwqJJ5
2016,Sabotage,Beastie Boys,03r4iKL2g2442PT9n2UKsx
2016,Tão Iguais,Dead Fish,7Lvg39k5XgXevGR767ikYI
2016,Atletas de Fristo,Mukeka di Rato,2WEABapGGzYET6Dq5tmIDi
2016,Até quando esperar,Detonautas,5AlUDdksfPP7l4Qm22MJA9
2016,Briga de Carroceiro,Gonorants,4WjV7uiUHhgmX8RSMkmYX6
2016,Festa Jovem,Mukeka di Rato,2WEABapGGzYET6Dq5tmIDi
2016,Procrastinando,Dead Fish,7Lvg39k5XgXevGR767ikYI
2016,Baby Baby,Tropkillaz,5bzWtCkjIAMgN93gLt56SO
2016,The Same Blood,Questions,1WZWsJmrN68AsyGFdAUFOC
2016,Mente Positiva,Mukeka di Rato,2WEABapGGzYET6Dq5tmIDi
2016,So Much I,Red Hot Chili Peppers,0L8ExT028jH3ddEcZwqJJ5
2016,912 Passos,Dead Fish,7Lvg39k5XgXevGR767ikYI
2016,Sem Sinal,Dead Fish,7Lvg39k5XgXevGR767ikYI
2016,No Sleep Till Brooklyn,Beastie Boys,03r4iKL2g2442PT9n2UKsx
2016,Dedo Na Ferida - Live,Emicida,2d9LRvQJnAXRijqIJDDs2K
2016,No Surprises,Radiohead,4Z8W4fKeB5YxbusRsdQVPb
2016,Tenha Dó,Los Hermanos,7Brxri4l1ATShikyHXsEr6
2016,Você Me Encantou Demais - Ao Vivo,Natiruts,4PhdYoQGH8s1xee81dqQOO
2016,Gaiola,Mukeka di Rato,2WEABapGGzYET6Dq5tmIDi
2016,Mulheres Negras,Dead Fish,7Lvg39k5XgXevGR767ikYI
2016,We Are Terceiro Mundo,BRAZA,5F0iFhw7bZE7a8INjualJn
2016,Umbigo,Mukeka di Rato,2WEABapGGzYET6Dq5tmIDi
2016,With You,Linkin Park,6XyY86QOPPrYVGvF9ch6wz
2016,These Days,Foo Fighters,7jy3rLJdDQY21OgRLCZ9sD
2016,Rebellion (feat. Daron Malakian),Linkin Park,6XyY86QOPPrYVGvF9ch6wz
2016,In The Clear,Foo Fighters,7jy3rLJdDQY21OgRLCZ9sD
2016,Zero e Um,Dead Fish,7Lvg39k5XgXevGR767ikYI
2016,Fight For Your Right,Beastie Boys,03r4iKL2g2442PT9n2UKsx
2016,Make Some Noise,Beastie Boys,03r4iKL2g2442PT9n2UKsx
2016,Boa Noite,Tropkillaz,5bzWtCkjIAMgN93gLt56SO
2016,Truth Hits Hard,Paura,2jOOqtTMgoODWvKDQi6WkH
2016,Fragmento - Ao Vivo,Dead Fish,7Lvg39k5XgXevGR767ikYI
2016,Viva a Rapaziada!,Zander,2U9BIqZBwHMRy5KspZpzt9
2016,Maconha,Mukeka di Rato,2WEABapGGzYET6Dq5tmIDi
2016,"Ah, eu Se Fudi!",Os Pedrero,20AgDgpylgasUMPZ8l5xEw
2016,Múmia,Dead Fish,7Lvg39k5XgXevGR767ikYI
2016,Ontem,CPM 22,2Jw4Lrfjnyv2QsDoBgnrAP
2016,Microphone Fiend,Rage Against The Machine,2d0hyoQ5ynDBnkvAbJKORj
2016,Milionário do Sonho,Emicida,2d9LRvQJnAXRijqIJDDs2K
2016,Aviso Que,Sarah Abdala,5eJxc2SauE8ahXHaJ0yZsr
2016,Duas de Cinco,Criolo,37ZflmHTdxkSLQuT8w9NBs
2016,Congregation,Foo Fighters,7jy3rLJdDQY21OgRLCZ9sD
2016,Hitler's Dog Stalin Rats,Mukeka di Rato,2WEABapGGzYET6Dq5tmIDi
2016,Cool Girl,Tove Lo,4NHQUGzhtTLFvgF5SZesLK
2016,Closer To The Edge,Thirty Seconds To Mars,0RqtSIYZmd4fiBKVFqyIqD
2016,Pedro Pedreiro Parou de Esperar,BRAZA,5F0iFhw7bZE7a8INjualJn
2016,Assets,Tropkillaz,5bzWtCkjIAMgN93gLt56SO
2016,Root Down,Beastie Boys,03r4iKL2g2442PT9n2UKsx
2016,The Feast and The Famine,Foo Fighters,7jy3rLJdDQY21OgRLCZ9sD
2016,Sonho Corrompido,Mukeka di Rato,2WEABapGGzYET6Dq5tmIDi
2016,Primavera (Vai Chuva),Criolo,37ZflmHTdxkSLQuT8w9NBs
2016,Animalia,menores atos,6KNc5HwsgpYNBCPaPrg4dv
2016,Molotov,Dead Fish,7Lvg39k5XgXevGR767ikYI
2016,Sobre a Violência,Dead Fish,7Lvg39k5XgXevGR767ikYI
2016,Montanha de Corpos,Mukeka di Rato,2WEABapGGzYET6Dq5tmIDi
2016,"Obrigado Deus, pelas boas Empresas...",Mukeka di Rato,2WEABapGGzYET6Dq5tmIDi
2016,Acabar com Você,Mukeka di Rato,2WEABapGGzYET6Dq5tmIDi
2016,Heróis da Nação Falida,Mukeka di Rato,2WEABapGGzYET6Dq5tmIDi
2016,Proprietários do Terceiro Mundo,Dead Fish,7Lvg39k5XgXevGR767ikYI
2016,Proprietários do Terceiro Mundo,Dead Fish,7Lvg39k5XgXevGR767ikYI
2018,Our Town,Sticky Fingers,3ZGr7nQBXDU2WhyXgRVbt0
2018,Gone,Kanye West,5K4W6rqBFWDnAN6FQUkS6x
2018,XXX. FEAT. U2.,Kendrick Lamar,2YZyLoL8N0Wb9xBt1NhZWg
2018,I Don't F**k With You,Trinix,3HqP3nd8WI0VfHRhApPlan
2018,Stand by Me,Otis Redding,60df5JBRRPcnSpsIMxxwQm
2018,Mercury: Retrograde,Ghostemane,3uL4UpqShC4p2x1dJutoRW
2018,Siga,Dead Fish,7Lvg39k5XgXevGR767ikYI
2018,Cure for the Itch,Linkin Park,6XyY86QOPPrYVGvF9ch6wz
2018,Killing In The Name,Rage Against The Machine,2d0hyoQ5ynDBnkvAbJKORj
2018,Conflito Violento,Ratos De Porão,3d2xlrGC9JGD7ycsf0e8mF
2018,Helter Skelter - Remastered 2009,The Beatles,3WrFJ7ztbogyGnTHbHJFl2
2018,Riders,Yung Buda,34JhhuxlkDFSA5ek4AuZOp
2018,Umaextrapunkprumextrafunk,Black Alien,6aCbXH85qN6xo54C7atSMx
2018,Chill Bill (feat. J. Davi$ & Spooks),Rob $tone,2hWs22BmQkK4czFtDLnar2
2018,DNA.,Kendrick Lamar,2YZyLoL8N0Wb9xBt1NhZWg
2018,Fluorescent Adolescent,Arctic Monkeys,7Ln80lUS6He07XvHI8qqHH
2018,What More Can I Say,NxWorries,6PEMFpe3PTOksdV4ZXUpbE
2018,Você Diz Que O Amor Não Dói,Marcelo D2,1vEN3d3dJbmdHQpXD6AIkL
2018,Know What I Want,Kali Uchis,1U1el3k54VvEUzo3ybLPlM
2018,Mundo Tela,BNegão & Seletores de Frequencia,1cpyFBSbDQgC05pKUhzNyt
2018,Drop It Like It's Hot,Snoop Dogg,7hJcb9fa4alzcOq3EaNPoG
2018,Redbone,Childish Gambino,73sIBHcqh3Z3NyqHKZ7FOL
2018,Qual É o Rosto de Deus?,BRAZA,5F0iFhw7bZE7a8INjualJn
2018,Atordoado,CPM 22,2Jw4Lrfjnyv2QsDoBgnrAP
2018,By Myself,Linkin Park,6XyY86QOPPrYVGvF9ch6wz
2018,Tik Tak,Doctor MC's,3Jj7NIBaqFSHmcsO33ilwh
2018,The Evil Has Landed,Queens of the Stone Age,4pejUc4iciQfgdX6OKulQn
2018,6 Foot 7 Foot,Lil Wayne,55Aa2cqylxrFIXC767Z865
2018,Last Nite,The Strokes,0epOFNiUfyON9EYx7Tpr6V
2018,HUMBLE.,Kendrick Lamar,2YZyLoL8N0Wb9xBt1NhZWg
2018,Bridge Burning,Foo Fighters,7jy3rLJdDQY21OgRLCZ9sD
2018,Ninguém Manda em Mim,Os Pedrero,20AgDgpylgasUMPZ8l5xEw
2018,That's What I Like,Bruno Mars,0du5cEVh5yTK9QJze8zA0C
2018,Plain Jane,A$AP Ferg,5dHt1vcEm9qb8fCyLcB3HL
2018,Hoje,Dead Fish,7Lvg39k5XgXevGR767ikYI
2018,Sunshine,Matisyahu,5eyMzR1hYiEZtN2c9ly2kw
2018,Primeiro de Abril,Mc Marechal,5YZEcrC3yHeiZ1bBvwKRUF
2018,I Sat By The Ocean,Queens of the Stone Age,4pejUc4iciQfgdX6OKulQn
2018,(sic),Slipknot,05fG473iIaoy82BF1aGhL8
2018,Bodak Yellow,Cardi B,4kYSro6naA4h99UJvo89HB
2018,Danger Zone,Marcelo D2,1vEN3d3dJbmdHQpXD6AIkL
2018,Fome do cão,Raimundos,3CfJckVRuukdJSvK3r89yJ
2018,War Pigs,CAKE,6A43Djmhbe9100UwnI7epV
2018,O Vencedor,Los Hermanos,7Brxri4l1ATShikyHXsEr6
2018,Minha Escolinha,Mukeka di Rato,2WEABapGGzYET6Dq5tmIDi
2018,Procrastinando,Dead Fish,7Lvg39k5XgXevGR767ikYI
2018,Bound 2,Kanye West,5K4W6rqBFWDnAN6FQUkS6x
2018,Permanent Holiday,Mike Love,2sgVQmhRbgSEe47A1bJRrC
2018,Linda,Projota,2zGf6lwQ9PxXdoeo5XXP2K
2018,Nights,Frank Ocean,2h93pZq0e7k5yf4dywlkpM
2018,Ridin Round,Kali Uchis,1U1el3k54VvEUzo3ybLPlM
2018,Minha Lei,Rael,0GWNKI3VPEcJsOIEhUjmxd
2018,Slow Dancing in a Burning Room,John Mayer,0hEurMDQu99nJRq8pTxO14
2018,Oh! Darling - Remastered,The Beatles,3WrFJ7ztbogyGnTHbHJFl2
2018,The Blister Exists,Slipknot,05fG473iIaoy82BF1aGhL8
2018,Mine,Bazzi,4GvEc3ANtPPjt1ZJllr5Zl
2018,Revólver,Dead Fish,7Lvg39k5XgXevGR767ikYI
2018,Roots Bloody Roots,Sepultura,6JW8wliOEwaDZ231ZY7cf4
2018,One Drop,Bob Marley & The Wailers,2QsynagSdAqZj3U9HgDzjD
2018,Os Hipsters do Centro,Os Pedrero,20AgDgpylgasUMPZ8l5xEw
2018,Bonita - Ao Vivo | Acústico,Raimundos,3CfJckVRuukdJSvK3r89yJ
2018,Pra Sempre,Forfun,1qIAsl3tIpnX0j4BMi0l5g
2018,Rinha de Magnata,Mukeka di Rato,2WEABapGGzYET6Dq5tmIDi
2018,One Step Closer,Linkin Park,6XyY86QOPPrYVGvF9ch6wz
2018,Black,Pearl Jam,1w5Kfo2jwwIPruYS2UWh56
2018,Cego de jericó,Rodox,4xlLXZhyat8hNIvgArQEak
2018,Drink The Water,Jack Johnson,3GBPw9NK25X1Wt2OUvOwY3
2018,Tão Iguais,Dead Fish,7Lvg39k5XgXevGR767ikYI
2018,Song For The Dead,Queens of the Stone Age,4pejUc4iciQfgdX6OKulQn
2018,Feeling Good,Marcelo D2,1vEN3d3dJbmdHQpXD6AIkL
2018,Want You Bad,The Offspring,5LfGQac0EIXyAN8aUwmNAQ
2018,The Dark Eternal Night,Dream Theater,2aaLAng2L2aWD2FClzwiep
2018,Wish You Were Here,Pink Floyd,0k17h0D3J5VfsdmQ1iZtE9
2018,Carne,Mukeka di Rato,2WEABapGGzYET6Dq5tmIDi
2018,Straight Outta Compton,N.W.A.,4EnEZVjo3w1cwcQYePccay
2018,Spin the Black Circle,Pearl Jam,1w5Kfo2jwwIPruYS2UWh56
2018,Hospital do sofredor,CPM 22,2Jw4Lrfjnyv2QsDoBgnrAP
2018,Given Up,Linkin Park,6XyY86QOPPrYVGvF9ch6wz
2018,Queda Livre,Dead Fish,7Lvg39k5XgXevGR767ikYI
2018,Breezeblocks,alt-J,3XHO7cRUPCLOr6jwp8vsx5
2018,What's The Score - Live In Manchester,Ady Suleiman,5LuLeXlnT2jFxbx7Cg7j88
2018,De costas para o mar,Rodox,4xlLXZhyat8hNIvgArQEak
2018,Break Stuff,Limp Bizkit,165ZgPlLkK7bf5bDoFc6Sb
2018,Cool Girl,Tove Lo,4NHQUGzhtTLFvgF5SZesLK
2018,Homem Borracha,Mukeka di Rato,2WEABapGGzYET6Dq5tmIDi
2018,Rolo Compressor,Black Alien,6aCbXH85qN6xo54C7atSMx
2018,No More Trouble,Bob Marley & The Wailers,2QsynagSdAqZj3U9HgDzjD
2018,30 Kgs de Merda,Surra,5TM5LOr6mxQGod2sH9Uz9e
2018,Have a Cigar,Pink Floyd,0k17h0D3J5VfsdmQ1iZtE9
2018,Escapando,Dead Fish,7Lvg39k5XgXevGR767ikYI
2018,Conta Comigo,CPM 22,2Jw4Lrfjnyv2QsDoBgnrAP
2018,Tá Bom,Los Hermanos,7Brxri4l1ATShikyHXsEr6
2018,Sleep Now In the Fire,Rage Against The Machine,2d0hyoQ5ynDBnkvAbJKORj
2018,Faint,Linkin Park,6XyY86QOPPrYVGvF9ch6wz
2018,Sabotage,Beastie Boys,03r4iKL2g2442PT9n2UKsx
2018,Pompem,Raimundos,3CfJckVRuukdJSvK3r89yJ
2018,Chop Suey!,System Of A Down,5eAWCfyUhZtHHtBdNk56l1
2018,This Is America,Childish Gambino,73sIBHcqh3Z3NyqHKZ7FOL
2018,Legalize Já - Ao Vivo,Planet Hemp,3nasa4yabzvUeb6DzejDYU
2018,Jump (feat. Gizzle),Lupe Fiasco,01QTIT5P1pFP3QnnFSdsJf
2020,Everything Sux,Descendents,1FGH4Bh7g9W6V4fUcKZWp5
2020,The Guns of Brixton - Remastered,The Clash,3RGLhK1IP9jnYFH4BRFJBS
2020,Anarchy In The UK,Sex Pistols,1u7kkVrr14iBvrpYnZILJR
2020,Waiting Room,Fugazi,62sC6lUEWRjbFqXpMmOk4G
2020,Rise Above,Black Flag,5Mhs3Eu8lU6sRCtRYsmABV
2020,Minor Threat,Minor Threat,07PiZYrhllpSXtELkUxlrf
2020,Last Caress,Misfits,1cXi8ALPQCBHZbf0EgP4Ey
2020,Turn Your Lights Down Low,Bob Marley & The Wailers,2QsynagSdAqZj3U9HgDzjD
2020,King Kunta,Kendrick Lamar,2YZyLoL8N0Wb9xBt1NhZWg
2020,"Hello, Goodbye - Remastered 2009",The Beatles,3WrFJ7ztbogyGnTHbHJFl2
2020,Estória Nova,Conchá,3EhaPCVhgPrrXnO7jTtx7p
2020,Banned in D.C.,Bad Brains,1oVj9JmPUPg4SQ2uerV2xc
2020,Alright,Kendrick Lamar,2YZyLoL8N0Wb9xBt1NhZWg
2020,Our Town,Sticky Fingers,3ZGr7nQBXDU2WhyXgRVbt0
2020,Come Down,Anderson .Paak,3jK9MiCrA42lLAdMGUZpwa
2020,I Against I,Bad Brains,1oVj9JmPUPg4SQ2uerV2xc
2020,Atordoado,CPM 22,2Jw4Lrfjnyv2QsDoBgnrAP
2020,Réu Confesso,Tim Maia,0jOs0wnXCu1bGGP7kh5uIu
2020,Presença,Caetano Veloso,7HGNYPmbDrMkylWqeFCOIQ
2020,Live Dead Inside,Bayside Kings,1ixRGSR7pOSWqLTtbjL62p
2020,Satellite - Remastered 2012,Sex Pistols,1u7kkVrr14iBvrpYnZILJR
2020,Sailin' On,Bad Brains,1oVj9JmPUPg4SQ2uerV2xc
2020,Harvest Moon,Neil Young,6v8FB84lnmJs434UJf2Mrm
2020,Saturday Night,Misfits,1cXi8ALPQCBHZbf0EgP4Ey
2020,Umaextrapunkprumextrafunk,Black Alien,6aCbXH85qN6xo54C7atSMx
2020,Count on Me,Bayside Kings,1ixRGSR7pOSWqLTtbjL62p
2020,God Save The Queen - Remastered 2012,Sex Pistols,1u7kkVrr14iBvrpYnZILJR
2020,Where Eagles Dare,Misfits,1cXi8ALPQCBHZbf0EgP4Ey
2020,London Calling - Remastered,The Clash,3RGLhK1IP9jnYFH4BRFJBS
2020,Takedown,Bayside Kings,1ixRGSR7pOSWqLTtbjL62p
2020,Saiu o Sol,Hot e Oreia,2sxBXOW6WrpuO6rXZ3kHtE
2020,Suburban Home,Descendents,1FGH4Bh7g9W6V4fUcKZWp5
2020,California Uber Alles,Dead Kennedys,30U8fYtiNpeA5KH6H87QUV
2020,Holidays In The Sun - Remastered 2012,Sex Pistols,1u7kkVrr14iBvrpYnZILJR
2020,Slip It In,Black Flag,5Mhs3Eu8lU6sRCtRYsmABV
2020,Rotting Out,Descendents,1FGH4Bh7g9W6V4fUcKZWp5
2020,Clampdown - Remastered,The Clash,3RGLhK1IP9jnYFH4BRFJBS
2020,SICKO MODE,Travis Scott,0Y5tJX1MQlPlqiwlOH1tJY
2020,untitled 02 | 06.23.2014.,Kendrick Lamar,2YZyLoL8N0Wb9xBt1NhZWg
2020,Roots Bloody Roots - 2017 Remaster,Sepultura,6JW8wliOEwaDZ231ZY7cf4
2020,Helena,Misfits,1cXi8ALPQCBHZbf0EgP4Ey
2020,Jesus of Suburbia,Green Day,7oPftvlwr6VrsViSDV7fJY
2020,Não Deixe O Mar Te Engolir,Charlie Brown Jr.,1on7ZQ2pvgeQF4vmIA09x5
2020,Refuse / Resist,Sepultura,6JW8wliOEwaDZ231ZY7cf4
2020,Hybrid Moments,Misfits,1cXi8ALPQCBHZbf0EgP4Ey
2020,Lucro (Descomprimindo),BaianaSystem,5JHYuwE2n7bleXMUsmtCW5
2020,Conflito Violento,Ratos De Porão,3d2xlrGC9JGD7ycsf0e8mF
2020,Good Times Bad Times - 1993 Remaster,Led Zeppelin,36QJpDe2go2KgaRleHCDTp
2020,I Turned into a Martian,Misfits,1cXi8ALPQCBHZbf0EgP4Ey
2020,"Punky Reggae Party - 12"" Version",Bob Marley & The Wailers,2QsynagSdAqZj3U9HgDzjD
2020,Siga,Dead Fish,7Lvg39k5XgXevGR767ikYI
2020,Problems - Remastered 2012,Sex Pistols,1u7kkVrr14iBvrpYnZILJR
2020,American Psycho,Misfits,1cXi8ALPQCBHZbf0EgP4Ey
2020,Domingo,Nelson Ned,1qBGWp46vgiATN7mfKJd3s
2020,In My Eyes,Minor Threat,07PiZYrhllpSXtELkUxlrf
2020,Seventeen - Remastered 2012,Sex Pistols,1u7kkVrr14iBvrpYnZILJR
2020,Não Termina Assim,Dead Fish,7Lvg39k5XgXevGR767ikYI
2020,Territory,Sepultura,6JW8wliOEwaDZ231ZY7cf4
2020,"Die, Die My Darling - Fox Studio 1983",Misfits,1cXi8ALPQCBHZbf0EgP4Ey
2020,Six Pack,Black Flag,5Mhs3Eu8lU6sRCtRYsmABV
2020,You Don't Know Me,Caetano Veloso,7HGNYPmbDrMkylWqeFCOIQ
2020,Roubando Comida (2018),Dead Fish,7Lvg39k5XgXevGR767ikYI
2020,Stab,Planet Hemp,3nasa4yabzvUeb6DzejDYU
2020,Backseat Freestyle,Kendrick Lamar,2YZyLoL8N0Wb9xBt1NhZWg
2020,Attitude,Bad Brains,1oVj9JmPUPg4SQ2uerV2xc
2020,Eleito por Ninguém,Dead Fish,7Lvg39k5XgXevGR767ikYI
2020,Repentless,Slayer,1IQ2e1buppatiN1bxUVkrk
2020,Blitzkrieg Bop - 2016 Remaster,Ramones,1co4F2pPNH8JjTutZkmgSm
2020,Merenda,Surra,5TM5LOr6mxQGod2sH9Uz9e
2020,Asfalto,Dead Fish,7Lvg39k5XgXevGR767ikYI
2020,This One Is for the Ladies and Gents (feat. Miles Bonny),Tall Black Guy,2bz6GlqjAN5fTFWvy0rmSP
2020,Da Lama ao Caos,Chico Science,7HnkRhoGqYLTasI52iJoE7
2020,Fome do cão,Raimundos,3CfJckVRuukdJSvK3r89yJ
2020,_Away,MARTIN $KY,0iK1U5DGAdiqJvL1vq858A
2020,One Drop,Bob Marley & The Wailers,2QsynagSdAqZj3U9HgDzjD
2020,54-46 Was My Number,The Maytals,6eHPmq8aR8X4TZIMvrD9Bo
2020,Cego de jericó,Rodox,4xlLXZhyat8hNIvgArQEak
2020,Tão Iguais,Dead Fish,7Lvg39k5XgXevGR767ikYI
2020,Forbidden Zone,Misfits,1cXi8ALPQCBHZbf0EgP4Ey
2020,Stay and Wander,Tom Doolie,4C7NcNb9V6lakzMGHQlm8i
2020,Let Her Go,Lofi Fruits Music,1dABGukgZ8XKKOdd2rVSHM
2020,No Fun - Remastered 2012,Sex Pistols,1u7kkVrr14iBvrpYnZILJR
2020,Triumph,Bayside Kings,1ixRGSR7pOSWqLTtbjL62p
2020,Planet B,King Gizzard & The Lizard Wizard,6XYvaoDGE0VmRt83Jss9Sn
2020,Wild in the Streets,Circle Jerks,4ubY8RYfXkcEqgjEMDuLYl
2020,Submission - Remastered 2012,Sex Pistols,1u7kkVrr14iBvrpYnZILJR
2020,D. I. Y. - Do or Die,Bayside Kings,1ixRGSR7pOSWqLTtbjL62p
2020,I'm The One,Descendents,1FGH4Bh7g9W6V4fUcKZWp5
2020,I Don't Wanna Hear It,Minor Threat,07PiZYrhllpSXtELkUxlrf
2020,No Future - God Save the Queen,Sex Pistols,1u7kkVrr14iBvrpYnZILJR
2020,Still Strong,Bayside Kings,1ixRGSR7pOSWqLTtbjL62p
2020,Nazi Punks Fuck Off,Dead Kennedys,30U8fYtiNpeA5KH6H87QUV
2020,Four Track,Planet Hemp,3nasa4yabzvUeb6DzejDYU
2020,Pretty Vacant,Sex Pistols,1u7kkVrr14iBvrpYnZILJR
2020,Coffee Mug,Descendents,1FGH4Bh7g9W6V4fUcKZWp5
2020,Blood Sugar Sex Magik,Red Hot Chili Peppers,0L8ExT028jH3ddEcZwqJJ5
2020,Papaia,Black Alien,6aCbXH85qN6xo54C7atSMx
2020,Bodies - Remastered 2012,Sex Pistols,1u7kkVrr14iBvrpYnZILJR
2020,TV Party,Black Flag,5Mhs3Eu8lU6sRCtRYsmABV
2020,Mickey Mouse Is Dead,Subhumans,1lJNwrcZP9AEjFL7s8YdbK
2017,Proprietários do Terceiro Mundo,Dead Fish,7Lvg39k5XgXevGR767ikYI
2017,Linear,Dead Fish,7Lvg39k5XgXevGR767ikYI
2017,Homem Borracha,Mukeka di Rato,2WEABapGGzYET6Dq5tmIDi
2017,Santeria,Sublime,0EdvGhlC1FkGItLOWQzG4J
2017,Sick Love,Red Hot Chili Peppers,0L8ExT028jH3ddEcZwqJJ5
2017,Fome do cão,Raimundos,3CfJckVRuukdJSvK3r89yJ
2017,Siga,Dead Fish,7Lvg39k5XgXevGR767ikYI
2017,Honrar Teu Nome,CPM 22,2Jw4Lrfjnyv2QsDoBgnrAP
2017,Take It or Leave It,Sublime With Rome,3XXrhkZKSGd3CUJQFnx5tQ
2017,"You're Gonna Go Far, Kid",The Offspring,5LfGQac0EIXyAN8aUwmNAQ
2017,Não,Dead Fish,7Lvg39k5XgXevGR767ikYI
2017,Mister Niterói,Black Alien,6aCbXH85qN6xo54C7atSMx
2017,Conflito Violento,Ratos De Porão,3d2xlrGC9JGD7ycsf0e8mF
2017,"I Don't Need No Doctor - Live at the Nokia Theatre, Los Angeles, CA - December 2007",John Mayer,0hEurMDQu99nJRq8pTxO14
2017,Queda Livre,Dead Fish,7Lvg39k5XgXevGR767ikYI
2017,Bastian Contra o Nada,Zander,2U9BIqZBwHMRy5KspZpzt9
2017,Atordoado,CPM 22,2Jw4Lrfjnyv2QsDoBgnrAP
2017,Fragmento,Dead Fish,7Lvg39k5XgXevGR767ikYI
2017,Mukeka di Rato,Mukeka di Rato,2WEABapGGzYET6Dq5tmIDi
2017,Um Dia De Domingo,Ivete Sangalo,7dzq55YG3wjViqexDwiycQ
2017,Legalize Já - Ao Vivo,Planet Hemp,3nasa4yabzvUeb6DzejDYU
2017,Escapando,Dead Fish,7Lvg39k5XgXevGR767ikYI
2017,Escalas Tropicais,Charlie Brown Jr.,1on7ZQ2pvgeQF4vmIA09x5
2017,Buffalo Soldier,Bob Marley & The Wailers,2QsynagSdAqZj3U9HgDzjD
2017,Minha Escolinha,Mukeka di Rato,2WEABapGGzYET6Dq5tmIDi
2017,Ande,BRAZA,5F0iFhw7bZE7a8INjualJn
2017,Like a Stone,Audioslave,2ziB7fzrXBoh1HUPS6sVFn
2017,Afasia,Dead Fish,7Lvg39k5XgXevGR767ikYI
2017,Viva (Melô Dos Vileiros) - Live,Criolo,37ZflmHTdxkSLQuT8w9NBs
2017,Could You Be Loved,Bob Marley & The Wailers,2QsynagSdAqZj3U9HgDzjD
2017,Diesel,Dead Fish,7Lvg39k5XgXevGR767ikYI
2017,Bonita - Ao Vivo | Acústico,Raimundos,3CfJckVRuukdJSvK3r89yJ
2017,Blood Sugar Sex Magik,Red Hot Chili Peppers,0L8ExT028jH3ddEcZwqJJ5
2017,Man Down,Rihanna,5pKCCKE2ajJHZ9KAiaK11H
2017,Qual É o Rosto de Deus?,BRAZA,5F0iFhw7bZE7a8INjualJn
2017,Autonomia,Dead Fish,7Lvg39k5XgXevGR767ikYI
2017,My Hero,Foo Fighters,7jy3rLJdDQY21OgRLCZ9sD
2017,California - Tchad Blake Mix,Phantom Planet,0LsTFjEB1IIrh7IlTxs1GY
2017,"Girl, I Wanna Lay You Down",ALO,65c0gzsw9JsPUxm09QPjQj
2017,Procrastinando,Dead Fish,7Lvg39k5XgXevGR767ikYI
2017,Todos Por 1 / Citação: Hino Nacional,CPM 22,2Jw4Lrfjnyv2QsDoBgnrAP
2017,Killing In The Name,Rage Against The Machine,2d0hyoQ5ynDBnkvAbJKORj
2017,Is This Love,Bob Marley & The Wailers,2QsynagSdAqZj3U9HgDzjD
2017,Without Me,Eminem,7dGJo4pcD2V6oG8kP0tJRR
2017,Auto Falantes,Zander,2U9BIqZBwHMRy5KspZpzt9
2017,Didático,Dead Fish,7Lvg39k5XgXevGR767ikYI
2017,"Não Compre, Plante! - Ao Vivo",Planet Hemp,3nasa4yabzvUeb6DzejDYU
2017,Nem me lembro mais,Detonautas,5AlUDdksfPP7l4Qm22MJA9
2017,Umaextrapunkprumextrafunk,Black Alien,6aCbXH85qN6xo54C7atSMx
2017,Johnny B. Goode - 2002 Remaster,Peter Tosh,0oea1hwGMfUxZbLxJc1XUN
2017,Oldboy,Dead Fish,7Lvg39k5XgXevGR767ikYI
2017,Que Beleza,Tim Maia,0jOs0wnXCu1bGGP7kh5uIu
2017,Demorô - Live,Criolo,37ZflmHTdxkSLQuT8w9NBs
2017,Give It Away,Red Hot Chili Peppers,0L8ExT028jH3ddEcZwqJJ5
2017,Whole Lotta Love - 1990 Remaster,Led Zeppelin,36QJpDe2go2KgaRleHCDTp
2017,Feels Like We Only Go Backwards,Tame Impala,5INjqkS1o8h1imAzPqGZBb
2017,Bridge Burning,Foo Fighters,7jy3rLJdDQY21OgRLCZ9sD
2017,Subprodutos,Dead Fish,7Lvg39k5XgXevGR767ikYI
2017,Locked out of Heaven,Bruno Mars,0du5cEVh5yTK9QJze8zA0C
2017,Intro - Ao Vivo,Planet Hemp,3nasa4yabzvUeb6DzejDYU
2017,"Steady, As She Goes",The Raconteurs,4wo1267SJuUfHgasdlfNfc
2017,I Shot The Sheriff - Crossroad 2 Box/Set Version,Eric Clapton,6PAt558ZEZl0DmdXlnjMgD
2017,Deixa eu falar...,Raimundos,3CfJckVRuukdJSvK3r89yJ
2017,Blind,Korn,3RNrq3jvMZxD9ZyoOZbQOD
2017,Tão Iguais,Dead Fish,7Lvg39k5XgXevGR767ikYI
2017,Perdido de Amor (feat. Edson Gomes) - Natiruts Reggae Brasil - Ao Vivo,Natiruts,4PhdYoQGH8s1xee81dqQOO
2017,Knockin' On Heaven's Door,Eric Clapton,6PAt558ZEZl0DmdXlnjMgD
2017,Lonely Boy,The Black Keys,7mnBLXK823vNxN3UWB7Gfz
2017,Crossroads,John Mayer,0hEurMDQu99nJRq8pTxO14
2017,"You Don't Love Me (No, No, No) - Extended Mix",Dawn Penn,6mLXvSt7Xxy2r9uBba1O6Z
2017,Não Deixe O Mar Te Engolir,Charlie Brown Jr.,1on7ZQ2pvgeQF4vmIA09x5
2017,With You,Linkin Park,6XyY86QOPPrYVGvF9ch6wz
2017,Vitória,Dead Fish,7Lvg39k5XgXevGR767ikYI
2017,Little Wing,Jimi Hendrix,776Uo845nYHJpNaStv1Ds4
2017,Caminhos do Destino,Black Alien,6aCbXH85qN6xo54C7atSMx
2017,Você Me Encantou Demais - Ao Vivo,Natiruts,4PhdYoQGH8s1xee81dqQOO
2017,HUMBLE.,Kendrick Lamar,2YZyLoL8N0Wb9xBt1NhZWg
2017,Suck My Kiss,Red Hot Chili Peppers,0L8ExT028jH3ddEcZwqJJ5
2017,Cupid's Chokehold / Breakfast in America - Radio Mix,Gym Class Heroes,4IJczjB0fJ04gs4uvP0Fli
2017,By Myself,Linkin Park,6XyY86QOPPrYVGvF9ch6wz
2017,912 Passos,Dead Fish,7Lvg39k5XgXevGR767ikYI
2017,Rinha de Magnata,Mukeka di Rato,2WEABapGGzYET6Dq5tmIDi
2017,DNA.,Kendrick Lamar,2YZyLoL8N0Wb9xBt1NhZWg
2017,That's What I Like,Bruno Mars,0du5cEVh5yTK9QJze8zA0C
2017,Desconfio - Live,CPM 22,2Jw4Lrfjnyv2QsDoBgnrAP
2017,Fluorescent Adolescent,Arctic Monkeys,7Ln80lUS6He07XvHI8qqHH
2017,Michel Oghata,Dead Fish,7Lvg39k5XgXevGR767ikYI
2017,O Carcará e a Rosa - Ao Vivo,Natiruts,4PhdYoQGH8s1xee81dqQOO
2017,Me Gustas Tu,Manu Chao,6wH6iStAh4KIaWfuhf0NYM
2017,Hey Joe,Jimi Hendrix,776Uo845nYHJpNaStv1Ds4
2017,Roadhouse Blues,The Doors,22WZ7M8sxp5THdruNY3gXt
2017,Nem Me Lembro Mais,Detonautas,5AlUDdksfPP7l4Qm22MJA9
2017,Superstition - Single Version,Stevie Wonder,7guDJrEfX3qb6FEbdPA5qi
2017,O Vencedor,Los Hermanos,7Brxri4l1ATShikyHXsEr6
2017,Oh! Darling - Remastered,The Beatles,3WrFJ7ztbogyGnTHbHJFl2
2017,Tighten Up,The Black Keys,7mnBLXK823vNxN3UWB7Gfz
2017,Por Nós 3 - Live,CPM 22,2Jw4Lrfjnyv2QsDoBgnrAP
2017,Inevitável - Ao Vivo,CPM 22,2Jw4Lrfjnyv2QsDoBgnrAP
2017,Rap God,Eminem,7dGJo4pcD2V6oG8kP0tJRR
2017,All Along the Watchtower,Jimi Hendrix,776Uo845nYHJpNaStv1Ds4
